asin,rv_stars_rating,rv_titre,rv_date,rv_pays,rv_achat,rv_body,rv_utile,rv_lien
B09D8L99FM,"2,0 sur 5¬†√©toiles",GROS PROBLEMES DE FONCTIONNEMENT,21-mai-2021,France,Achat v√©rifi√©,"J'ai achet√© cette t√©l√©vision par rapport aux commentaires sur le site Amazon.fr. H√©las apr√®s des difficult√©s pour la param√©trer car pas de notice en Fran√ßais, une fois les cha√Ænes recherch√©es, l'√©cran s'√©teignait et se rallumait. J'ai compt√© 10 fois en 2heures de quoi p√©ter un plomb et ceci m√™me avec un lecteur DVD, m√™me chose ! j'ai renvoy√© l'article et demand√© le remboursement !",22 personnes ont trouv√© cela utile,/gp/customer-reviews/R3A0G6GY5L4YU1/ref=cm_cr_arp_d_rvw_ttl?ie=UTF8&ASIN=B09D8L99FM
B09D8L99FM,"5,0 sur 5¬†√©toiles",Tr√®s bonne smart tv.,10-novembre-2021,France,Achat v√©rifi√©,Acheter Lundi 8 Novembre 2021.,14 personnes ont trouv√© cela utile,/gp/customer-reviews/R752PQYG8WDLJ/ref=cm_cr_arp_d_rvw_ttl?ie=UTF8&ASIN=B09D8L99FM
B09D8L99FM,"2,0 sur 5¬†√©toiles",Plusieurs bug,13-juillet-2021,France,Achat v√©rifi√©,"Achet√© en avril 2021, la TV est au premiers abord tr√©s sympa pour son prix",11 personnes ont trouv√© cela utile,/gp/customer-reviews/R2H9A681R3AIFK/ref=cm_cr_arp_d_rvw_ttl?ie=UTF8&ASIN=B09D8L99FM
B09D8L99FM,"3,0 sur 5¬†√©toiles",Bon produit mais pixels morts,14-novembre-2021,France,Achat v√©rifi√©,"Livraison super rien √† dire, le livreur tr√®s sympathique. Il m'a m√™me aid√© √† la porter jusqu'√† l'√©tage.",6 personnes ont trouv√© cela utile,/gp/customer-reviews/RSZAQFVHUI02H/ref=cm_cr_arp_d_rvw_ttl?ie=UTF8&ASIN=B09D8L99FM
B09D8L99FM,"1,0 sur 5¬†√©toiles",Mauvaise qualit√© de service de livraison et impossibilit√© de r√©gler la luminosit√© de l'√©cran,22-juillet-2021,France,Achat v√©rifi√©,"Aucun moyen de param√©trer la luminosit√© de l'√©cran, ni m√™me pour supprimer l'√©cran bleu qui polluent les yeux. Quand √† la compagnie de livraison, je suis tomb√©e sur la pire soci√©t√© de livraison: UPS (qui rime avec ""√ßa pue des fesses!!""). Un monumentale erreur d'avoir achet√© un t√©l√©viseur de cette envergure et notamment lorsque la livraison est assur√©e par un groupe de paresseux qu'ils m'ont repos√©s un lapin 2 fois lorsque j'ai reprogramm√© la date de livraison pour lesquelles ils n'ont jamais effectu√© le trajet. √Ä √©viter d'acheter l'article, vous serez instantan√©ment d√©√ßu d'apr√®s mon v√©cu",6 personnes ont trouv√© cela utile,/gp/customer-reviews/R9KBTL3O4KYPU/ref=cm_cr_arp_d_rvw_ttl?ie=UTF8&ASIN=B09D8L99FM
B09D8L99FM,"5,0 sur 5¬†√©toiles",scart poids r√©glages,1-avril-2021,France,Achat v√©rifi√©,"j‚Äôavais besoin d‚Äôun port scart- peritel , rarement pr√©sent aujourd‚Äôhui, pour conserver l‚Äôusage de mon lecteur enregistreur  vhs dvd . beaucoup de possibilit√©s de r√©glage √† ne pas n√©gliger lors de la mise en route √©cran d‚Äôune belle finesse poids plume pour cette dimension. appareil livr√© avec configuration √©conomique d‚Äô√©nergie (a+) bien se servir des sous menus afin d‚Äôobtenir une excellente qualit√© d‚Äôimage malgr√© les mises en garde du logiciel quant √† la consommation √©lectrique... vous n‚Äôallez pas regretter le temps pass√©",7 personnes ont trouv√© cela utile,/gp/customer-reviews/R3QW917215GE6H/ref=cm_cr_arp_d_rvw_ttl?ie=UTF8&ASIN=B09D8L99FM
B09D8L99FM,"1,0 sur 5¬†√©toiles",Un t√©l√©viseur arriver avec le son qui ne marche pas,1-avril-2021,France,Achat v√©rifi√©,Commander le t√©l√©viseur d√©but mars,7 personnes ont trouv√© cela utile,/gp/customer-reviews/RUDDHZNFI2HQ6/ref=cm_cr_arp_d_rvw_ttl?ie=UTF8&ASIN=B09D8L99FM
B09D8L99FM,"3,0 sur 5¬†√©toiles",Bonne image mais son un peu √† la traine,16-janvier-2022,France,Achat v√©rifi√©,"La t√©l√©vision est compl√®te, elle fait les canaux terrestre et satellite ce qui est tr√®s bien pour une utilisation nomade. Son alimentation est en 12V et un bloc secteur est fourni ce qui la rends utilisable partout, et c'est tr√®s bien .",2 personnes ont trouv√© cela utile,/gp/customer-reviews/R3K53AW6TBVIVH/ref=cm_cr_arp_d_rvw_ttl?ie=UTF8&ASIN=B09D8L99FM
B09D8L99FM,"4,0 sur 5¬†√©toiles","Belles images, compliqu√© √† installer, il faut de la patience.  Tuner satellite  inutilisable",28-avril-2022,France,Achat v√©rifi√©,"Ce t√©l√©viseur affiche de belles images, mais il est compliqu√© √† installer. La t√©l√©commande est assez bien con√ßue. La notice est ridicule, r√©duite √† un papier pliant destin√© aux illettr√©s. En utilisation Youtube les images sont excellentes.",,/gp/customer-reviews/R17NP1P3LON1MX/ref=cm_cr_arp_d_rvw_ttl?ie=UTF8&ASIN=B09D8L99FM
B09D8L99FM,"1,0 sur 5¬†√©toiles",T√©l√© HS au bout d'un mois (commentaire du 24/01/22),23-janvier-2022,France,Achat v√©rifi√©,"J'ai achet√© cette t√©l√© il y a √† peine un mois (re√ßue le 16/12/21) lundi dernier (17/01/22), elle a commenc√© √† se couper brutalement plusieurs fois de suite (quelques secondes apr√®s qu'on l'ait rallum√©e). Le lendemain matin, m√™me plus possible de l'allumer (le logo de la marque s'affichait et hop elle se coupait, jusqu'√† ne plus s'allumer du tout). Je suis rentr√©e en contact avec Amazon qui malheureusement ne peut pas l'√©changer (vendue par un vendeur tiers, Amazon s'occupe uniquement de l'exp√©dition) mais seulement me fournir une √©tiquette de retour et me rembourser. J'ai donc √©t√© oblig√©e d'acheter une autre t√©l√© chez la concurrence. Je ne recommande ni ce produit ni ce vendeur (solufficio)",2 personnes ont trouv√© cela utile,/gp/customer-reviews/R18AN00AMAS5NU/ref=cm_cr_arp_d_rvw_ttl?ie=UTF8&ASIN=B09D8L99FM
B09D8L99FM,"5,0 sur 5¬†√©toiles",Tr√®s bon produit. Tr√®s bon rapport qualit√© prix.,21-mai-2021,France,Achat v√©rifi√©,J'ai achet√© ce produit sur AMAZON en Mai 2021(TV Strong 4K 43p). Livraison tr√®s rapide avec Amazon Prime.,3 personnes ont trouv√© cela utile,/gp/customer-reviews/R1I39V4BQZVJCA/ref=cm_cr_arp_d_rvw_ttl?ie=UTF8&ASIN=B09D8L99FM
B09D8L99FM,"3,0 sur 5¬†√©toiles",Bonne t√©l√© pour le prix,30-d√©cembre-2021,France,Achat v√©rifi√©,¬†Pour le prix(399‚Ç¨) je m'en plains pas. De belles couleurs et un noirs profond. L image est belle et nette. La 4K Ultra HD ne saute pas aux yeux. Franchement je vois pas la diff√©rence avec mon ancienne t√©l√© en1080. La t√©l√© blanchie des qu ont ce mets sur les c√¥t√©s....style les premi√®res LCD. Ont dois toujours rester en face.Part contre le son est de tr√®s bonne qualit√© pour ce genre de t√©l√© a prix mini. Les bords de la t√©l√© sont Ultra fin qui donne de l √©l√©gance. Fini les gros encadrage.,2 personnes ont trouv√© cela utile,/gp/customer-reviews/RQC4GULBI4IIN/ref=cm_cr_arp_d_rvw_ttl?ie=UTF8&ASIN=B09D8L99FM
B09D8L99FM,"4,0 sur 5¬†√©toiles",T√©l√©vision de grande qualit√©,8-mai-2021,France,Achat v√©rifi√©,Une tr√®s belle t√©l√©vision de grande qualit√©.,,/gp/customer-reviews/RPGJQEKU1QVUI/ref=cm_cr_arp_d_rvw_ttl?ie=UTF8&ASIN=B09D8L99FM
B09D8L99FM,"4,0 sur 5¬†√©toiles",Un petit bug g√™nant,30-d√©cembre-2020,France,Achat v√©rifi√©,"Tr√®s bon son,tr√®s belle image mais lors du passage en mode TV apr√®s arr√™t du d√©codeur canal+ un bug vous informant : ""Plus d'information"" lorsqu'on revient sur les cha√Ænes TNT pour l'instant je le r√©soud en √©teignant 10/12 sec puis en rallumant mais ce n'est pas agr√©able du tout",2 personnes ont trouv√© cela utile,/gp/customer-reviews/R9152LIZ09CLS/ref=cm_cr_arp_d_rvw_ttl?ie=UTF8&ASIN=B09D8L99FM
B09D8L99FM,"4,0 sur 5¬†√©toiles","Bon prix , bonne qualit√© d'image .",25-janvier-2022,France,Achat v√©rifi√©,"Bon prix pour la grandeur de cette t√©l√©vision , bonne qualit√© d'image , son pas trop mal mais faudrait rajouter une barre de son , 2 t√©l√©commandes de fournis , seul chose √† dire , on ne peu pas aller sur internet directement par le biais de la t√©l√©vision .",Une personne a trouv√© cela utile,/gp/customer-reviews/RLF5OVM90HBXT/ref=cm_cr_arp_d_rvw_ttl?ie=UTF8&ASIN=B09D8L99FM
B09D8L99FM,"1,0 sur 5¬†√©toiles",Content du produit mais l‚Äôalimentation en 220v bof,13-mars-2021,France,Achat v√©rifi√©,Pourquoi il n‚Äôy a pas la connections 12 volt le transfo 220 n‚Äôest pas tr√®s utile si tu ach√®tes une tv 12v c‚Äôest pas pour avoir un transfo 12 v/220v,3 personnes ont trouv√© cela utile,/gp/customer-reviews/R3KTFPOAXERGD0/ref=cm_cr_arp_d_rvw_ttl?ie=UTF8&ASIN=B09D8L99FM
B09D8L99FM,"5,0 sur 5¬†√©toiles",Tres bien pour le prix,26-avril-2022,France,Achat v√©rifi√©,Tres intuitive pour l'installation.,,/gp/customer-reviews/RYVFJ0SG2FCV0/ref=cm_cr_arp_d_rvw_ttl?ie=UTF8&ASIN=B09D8L99FM
B09D8L99FM,"5,0 sur 5¬†√©toiles",Je le recommande,1-d√©cembre-2021,France,Achat v√©rifi√©,M√™me si j'ai eu du mal √† obtenir mon colis via UPS,Une personne a trouv√© cela utile,/gp/customer-reviews/R30Y9U0H80QWOW/ref=cm_cr_arp_d_rvw_ttl?ie=UTF8&ASIN=B09D8L99FM
B09D8L99FM,"2,0 sur 5¬†√©toiles",attention pas compatible Fransat en r√©alit√©,25-octobre-2021,France,Achat v√©rifi√©,"j'ai command√© ce produit pour la compatibilit√© avec le module Fransat. Sauf que une fois re√ßu, et suite √† des probl√®mes (aucun signal lors de la recherche des cha√Ænes), je contacte Fransat qui m'informe qu'en r√©alit√© Strong ne fait pas partie des Constructeurs compatibles Fransat... assez f√¢ch√©e donc, ce qui est d'autant plus dommage que sinon la tv me convenait",2 personnes ont trouv√© cela utile,/gp/customer-reviews/R1PPRQD5D21EB0/ref=cm_cr_arp_d_rvw_ttl?ie=UTF8&ASIN=B09D8L99FM
B09D8L99FM,"4,0 sur 5¬†√©toiles",Tr√®s bon pour le prix,23-mars-2021,France,Achat v√©rifi√©,Qualit√© d‚Äôimage tr√®s bonne.,Une personne a trouv√© cela utile,/gp/customer-reviews/RASRMMRXD7UDL/ref=cm_cr_arp_d_rvw_ttl?ie=UTF8&ASIN=B09D8L99FM
B09D8L99FM,"5,0 sur 5¬†√©toiles",Bon rapport qualit√© prix,11-d√©cembre-2021,France,Achat v√©rifi√©,Nickel livraison avant l'heure par chronopost,,/gp/customer-reviews/R2BWRLZDKLS4RR/ref=cm_cr_arp_d_rvw_ttl?ie=UTF8&ASIN=B09D8L99FM
B09D8L99FM,"5,0 sur 5¬†√©toiles",image incroyable,23-janvier-2022,France,Achat v√©rifi√©,"L'image c'est ce qui ma rapp√© le plus. Elle est d'une nettet√©!... en plus l TV se connecte automatiquement √† la box et mon compte prime vid√©o a √©t√© hyper facile √† connecter.  Je suis aux anges, et je recommande √† 1000 %.",Une personne a trouv√© cela utile,/gp/customer-reviews/R1S6C3BMXEB9A7/ref=cm_cr_arp_d_rvw_ttl?ie=UTF8&ASIN=B09D8L99FM
B09D8L99FM,"2,0 sur 5¬†√©toiles",cela arrive d'avoir un appareil d√©fectueux vendu par un tiers,31-juillet-2021,France,Achat v√©rifi√©,pas vraiment le top .pas de prise pour une barre de son .manque une prise pour un casque .le t√©l√©viseur apr√©s avoir lu un film en provenance d'une cl√©e usb ne reviens pas sur les chaines nationales .faut √©teindre le t√©l√©viseur .le rallumer  .ensuite cela refonctionne .peut √©tre une erreur de fabrication .,,/gp/customer-reviews/R31T5QOWCEREVY/ref=cm_cr_arp_d_rvw_ttl?ie=UTF8&ASIN=B09D8L99FM
B09D8L99FM,"1,0 sur 5¬†√©toiles",Tv hs,22-mai-2021,France,Achat v√©rifi√©,"Utilisation camping car, le t√©l√©viseur a march√© une semaine, il ne s'allume plus, ni en 220v ni en 12v .. De grande difficult√©s pour la guarantie , usant !",3 personnes ont trouv√© cela utile,/gp/customer-reviews/R9RMG9EF6ZYY1/ref=cm_cr_arp_d_rvw_ttl?ie=UTF8&ASIN=B09D8L99FM
B09D8L99FM,"5,0 sur 5¬†√©toiles",Image,10-octobre-2021,France,Achat v√©rifi√©,¬†L'image et super jolie pour jouer √† la ps4 par contre pour regarder un films elle et mois de qualit√© pour moi sa me suffit car je joue plus √† ma console qu'√† regarder la tv,2 personnes ont trouv√© cela utile,/gp/customer-reviews/R21BEI4YTBMSRL/ref=cm_cr_arp_d_rvw_ttl?ie=UTF8&ASIN=B09D8L99FM
B09D8L99FM,"4,0 sur 5¬†√©toiles",Rapport qualit√© prix bien,29-avril-2022,France,Achat v√©rifi√©,"TV full HD connect√© au top , tr√®s facile √† installer, par contre impossible de mettre BBox TV , autres soucis le vissage d un pied √©tait impossible, le pas de vis √©tait pas assez long , donc attention aux acheteurs.",,/gp/customer-reviews/R1HEQX6LSAA71R/ref=cm_cr_arp_d_rvw_ttl?ie=UTF8&ASIN=B09D8L99FM
B09D8L99FM,"4,0 sur 5¬†√©toiles",Bon rapport qualit√© prix,26-novembre-2021,France,Achat v√©rifi√©,1√®re t√©l√© 4k et je suis satisfait,,/gp/customer-reviews/R3I14X86H93A3N/ref=cm_cr_arp_d_rvw_ttl?ie=UTF8&ASIN=B09D8L99FM
B09D8L99FM,"4,0 sur 5¬†√©toiles",correct,28-avril-2022,France,Achat v√©rifi√©,"t√©l√© recu en bonne etat mais emballage dechirer. manque les deux pieds et jamais eu de reponses du vendeur. le google fonctionne pas tres bien, la t√©l√© comprend un mot sur deux.",,/gp/customer-reviews/RR8P8VTSGI1QI/ref=cm_cr_arp_d_rvw_ttl?ie=UTF8&ASIN=B09D8L99FM
B09D8L99FM,"2,0 sur 5¬†√©toiles",Tr√®s d√©√ßu,27-septembre-2021,France,Achat v√©rifi√©,Le peu d‚Äôespace qu‚Äôil y a entre le port hdmi et le cache arri√®re de la t√©l√© ab√Æme les c√¢bles hdmi,,/gp/customer-reviews/R3AXF42X9Q4L3S/ref=cm_cr_arp_d_rvw_ttl?ie=UTF8&ASIN=B09D8L99FM
B09D8L99FM,"5,0 sur 5¬†√©toiles",bon produit,12-juillet-2021,France,Achat v√©rifi√©,"poduit leger tres facilement deplacable pour le mode d emploi vous allez sur le site de strong vous donnez les reference il vous envoi un lien pour imprimer dans les  24 h  , boite tr√©s s√©rieuse je recommande leur produit",Une personne a trouv√© cela utile,/gp/customer-reviews/R1AKZEFBQN7TVO/ref=cm_cr_arp_d_rvw_ttl?ie=UTF8&ASIN=B09D8L99FM
B09D8L99FM,"5,0 sur 5¬†√©toiles",Tr√®s bonne qualit√©,23-janvier-2022,France,Achat v√©rifi√©,Pour commencer livreur tr√®s agr√©able et gentil. Merci aux vendeurs aussi c‚Äôest venu comme pr√©vu excellent qualit√© je suis tr√®s contente de mon produit rien √† dire üíØüëç,Une personne a trouv√© cela utile,/gp/customer-reviews/R2R9FGFM3GTNT1/ref=cm_cr_arp_d_rvw_ttl?ie=UTF8&ASIN=B09D8L99FM
B09D8L99FM,"4,0 sur 5¬†√©toiles",T√©l√©vision d'entr√©e de gamme correct.,12-mai-2021,France,Achat v√©rifi√©,"La t√©l√© est vraiment l√©g√®re et tr√®s fine on dirait un √©cran d'ordinateur, le son n'est pas top et l'mage est je dirais normal pour ce prix-l√†. On voit que c'est une t√©l√©vision d'entr√©e de gamme, pour le prix elle est correct. C'est une t√©l√©vision pour petit budget.",,/gp/customer-reviews/RAEIRZXC11W9X/ref=cm_cr_arp_d_rvw_ttl?ie=UTF8&ASIN=B09D8L99FM
B09D8L99FM,"1,0 sur 5¬†√©toiles",PAS DE LECTURE DES CLES USB,9-juin-2021,France,Achat v√©rifi√©,"J'ai achet√© cet √©cran 40/41'' √† bas prix, en mode test, pour afficher des diaporamas dans les vitrines d'agences immobili√®res (65 agences) pour passer des messages enregistr√©es sur une cl√© USB et ce t√©l√©viseur ne lit pas les cl√©s ??? C'est pourtant annonc√© sur les d√©tails de la fiche constructeur ???",,/gp/customer-reviews/R10EP1G1EEODCY/ref=cm_cr_arp_d_rvw_ttl?ie=UTF8&ASIN=B09D8L99FM
B09D8L99FM,"5,0 sur 5¬†√©toiles",Parfait,27-avril-2021,France,Achat v√©rifi√©,"√Ä part le retard de livraison... Je suis hyper contente de mon achat, la t√©l√© est superbe les couleurs incroyable et tr√®s facile d'installation. J'ai acc√®s √† Netflix en un clin d'≈ìil.",Une personne a trouv√© cela utile,/gp/customer-reviews/R23B60ME17DPWA/ref=cm_cr_arp_d_rvw_ttl?ie=UTF8&ASIN=B09D8L99FM
B09D8L99FM,"5,0 sur 5¬†√©toiles",Super,29-janvier-2022,France,Achat v√©rifi√©,"Super t√©l√©vision connect√©e, image et son nickels.",Une personne a trouv√© cela utile,/gp/customer-reviews/R3VR2I1XPKH0X8/ref=cm_cr_arp_d_rvw_ttl?ie=UTF8&ASIN=B09D8L99FM
B09D8L99FM,"5,0 sur 5¬†√©toiles",Tr√®s √©tonn√© par la qualit√© du produit,1-avril-2022,France,Achat v√©rifi√©,"Fonctionne parfaitement et installation tr√®s simple, par contre son moyen mais corrig√© avec une barre de son ! Rapport qualit√© prix imbattable.",Une personne a trouv√© cela utile,/gp/customer-reviews/R3R794EO94NJ88/ref=cm_cr_arp_d_rvw_ttl?ie=UTF8&ASIN=B09D8L99FM
B09D8L99FM,"1,0 sur 5¬†√©toiles",TITRE MENSONGER,11-mai-2021,France,Achat v√©rifi√©,Pas de t√©l√© connect√©e !,,/gp/customer-reviews/RRQ2A992UWATI/ref=cm_cr_arp_d_rvw_ttl?ie=UTF8&ASIN=B09D8L99FM
B09D8L99FM,"4,0 sur 5¬†√©toiles",T√©l√© bien mais son moyen,29-avril-2022,France,Achat v√©rifi√©,Pour le prix tr√®s bonne t√©l√© mais le son est moyen mais as quand m√™me une bonne image fonctionne tr√®s bien,,/gp/customer-reviews/RMEPVG2Y25FK2/ref=cm_cr_arp_d_rvw_ttl?ie=UTF8&ASIN=B09D8L99FM
B09D8L99FM,"5,0 sur 5¬†√©toiles",Rapport qualit√© prix excellent,28-janvier-2022,France,Achat v√©rifi√©,"Excellent rapport qualit√© prix - eu en promo √† 399 euros avec un ch√®que cadeau de 170 elle m'est revenue √† 229 euros tout compris, l'image est top, le son tr√®s bon ainsi que les finitions. La classe. Vous pouvez y aller les yeux ferm√©s ! Installation faite en cinq minutes.",Une personne a trouv√© cela utile,/gp/customer-reviews/R889YHCLYA2S6/ref=cm_cr_arp_d_rvw_ttl?ie=UTF8&ASIN=B09D8L99FM
B09D8L99FM,"3,0 sur 5¬†√©toiles",Bon,31-juillet-2021,France,Achat v√©rifi√©,"Re√ßu assez rapidement , image assez m√©diocre, et surtout je l avais achet√© pour regarder mes film avec ma tv stick mais le port hdmi est beaucoup trop bas pour le brancher donc obliger d acheter une rallonge hdmi...",,/gp/customer-reviews/RE67MYJDLV53B/ref=cm_cr_arp_d_rvw_ttl?ie=UTF8&ASIN=B09D8L99FM
B09D8L99FM,"5,0 sur 5¬†√©toiles",Satisfait.,22-janvier-2021,France,Achat v√©rifi√©,"Ce t√©l√©viseur r√©pond tr√®s bien √† mes esp√©rance et est conforme aux descriptifs. il est facile √† mettre en route et dans son d'utilisation. Le seul b√©mol, les documents fournis en anglais et √™tre oblig√© de t√©l√©charger la notice d'utilisation sur internet en passant par un site payant.",,/gp/customer-reviews/R3AMQ7XMTBZQF6/ref=cm_cr_arp_d_rvw_ttl?ie=UTF8&ASIN=B09D8L99FM
B09D8L99FM,"4,0 sur 5¬†√©toiles",Tr√©s bon rapport qualit√© <> prix,25-octobre-2021,France,Achat v√©rifi√©,"Pour le prix et livr√© en 48h, difficile de faire mieux.",,/gp/customer-reviews/R3FQFV3HBX4DG0/ref=cm_cr_arp_d_rvw_ttl?ie=UTF8&ASIN=B09D8L99FM
B09D8L99FM,"4,0 sur 5¬†√©toiles",Tr√®s legere,26-novembre-2021,France,Achat v√©rifi√©,Parfait en seconde TV tr√®s l√©g√®re la qualit√© de l image est moyenne et le prix est au top,,/gp/customer-reviews/R2PW8KVYNHUR5A/ref=cm_cr_arp_d_rvw_ttl?ie=UTF8&ASIN=B09D8L99FM
B09D8L99FM,"5,0 sur 5¬†√©toiles",Super t√©l√© 4k,12-d√©cembre-2020,France,Achat v√©rifi√©,Super t√©l√© facile √† mont√© un peu plus difficile pour activ√© la 4k mais une fois fait c'est juste un bonheur Super surtout pour la qualit√© prix,Une personne a trouv√© cela utile,/gp/customer-reviews/R3J9RAT6IUW8LI/ref=cm_cr_arp_d_rvw_ttl?ie=UTF8&ASIN=B09D8L99FM
B09D8L99FM,"5,0 sur 5¬†√©toiles",Une t√©l√© manifestement de tr√®s bon rapport qualit√©/prix,8-septembre-2021,France,Achat v√©rifi√©,√âtonnant de voir comme les t√©l√©s actuelles sont l√©g√®res. On la porte d'une main sans probl√®me.,,/gp/customer-reviews/R3F935GGMSGMTE/ref=cm_cr_arp_d_rvw_ttl?ie=UTF8&ASIN=B09D8L99FM
B09D8L99FM,"5,0 sur 5¬†√©toiles",Le produit est super rapport qualit√© prix,12-novembre-2021,France,Achat v√©rifi√©,Ce produit je l'utilise en famille rien a dire je vous le conseil bonne investissement,2 personnes ont trouv√© cela utile,/gp/customer-reviews/R2EC694JIRI4PG/ref=cm_cr_arp_d_rvw_ttl?ie=UTF8&ASIN=B09D8L99FM
B09D8L99FM,"5,0 sur 5¬†√©toiles",üëç,4-mai-2021,France,Achat v√©rifi√©,Mes enfants sont ravis üíô,Une personne a trouv√© cela utile,/gp/customer-reviews/RTL7E8DKFOAPY/ref=cm_cr_arp_d_rvw_ttl?ie=UTF8&ASIN=B09D8L99FM
B09D8L99FM,"5,0 sur 5¬†√©toiles",TV LED.,3-ao√ªt-2021,France,Achat v√©rifi√©,"Tr√®s contente de mon achat,je me suis laiss√©e porter par ""Amazon Choice"",et je ne le regrette pas.",,/gp/customer-reviews/R1A7SVE4FF6RR/ref=cm_cr_arp_d_rvw_ttl?ie=UTF8&ASIN=B09D8L99FM
B09D8L99FM,"5,0 sur 5¬†√©toiles",Super produit,27-novembre-2021,France,Achat v√©rifi√©,Tr√®s bien  rapport qualit√© prix. Fonctionne tr√®s bien en 12 V,,/gp/customer-reviews/R2Y03C4QBCPJV9/ref=cm_cr_arp_d_rvw_ttl?ie=UTF8&ASIN=B09D8L99FM
B09D8L99FM,"4,0 sur 5¬†√©toiles",Rapport qualit√© prix,26-d√©cembre-2021,France,Achat v√©rifi√©,"Achat pour un Kdo appr√©ci√©, fonctionne parfaitement et prix tr√®s int√©ressant",Une personne a trouv√© cela utile,/gp/customer-reviews/R1B2QG0F1E3G4V/ref=cm_cr_arp_d_rvw_ttl?ie=UTF8&ASIN=B09D8L99FM
B09D8L99FM,"5,0 sur 5¬†√©toiles",STRONG SRT32HC2003 HD TV LED,30-mai-2021,France,Achat v√©rifi√©,"conforme √† la description du vendeur, je recommande. Bonne qualit√© pour le moins cher du march√©. PP",,/gp/customer-reviews/R2GTPH0ECEINH6/ref=cm_cr_arp_d_rvw_ttl?ie=UTF8&ASIN=B09D8L99FM
B09D8L99FM,"5,0 sur 5¬†√©toiles",R√©glage des cha√Ænes manuel,5-juin-2021,France,Achat v√©rifi√©,Niquel bien re√ßu tr√®s bonne qualit√© de image seul soucis r√©glage des cha√Ænes manuel sinon tr√®s bien,,/gp/customer-reviews/R1I7BRQCAF13QB/ref=cm_cr_arp_d_rvw_ttl?ie=UTF8&ASIN=B09D8L99FM
B09D8L99FM,"5,0 sur 5¬†√©toiles","belle couleurs ,mise en route simple",16-avril-2021,France,Achat v√©rifi√©,"on a acheter ce produit car on attend la r√©paration de mon t√©l√©viseur de salon,ce produit ira dans une chambre donc tr√©s bon t√©l√©viseur pour une deuxieme utilisation,dans un grand salon un peu petit .tr√©s bon t√©l√©viseur .",,/gp/customer-reviews/R24GFPCKW3GXBP/ref=cm_cr_arp_d_rvw_ttl?ie=UTF8&ASIN=B09D8L99FM
B09D8L99FM,"5,0 sur 5¬†√©toiles",Tr√®s bon rapport qualit√© prix,12-avril-2021,France,Achat v√©rifi√©,Tr√®s satisfait excellente t√©l√©vision fonctionne parfaitement tr√®s l√©g√®re on peut facilement la d√©placer,,/gp/customer-reviews/R1L89L4Z60XN30/ref=cm_cr_arp_d_rvw_ttl?ie=UTF8&ASIN=B09D8L99FM
B09D8L99FM,"3,0 sur 5¬†√©toiles",Bon produit mais ...,7-janvier-2022,France,Achat v√©rifi√©,Bon produit mais un audio de tr√®s mauvaise qualit√©,2 personnes ont trouv√© cela utile,/gp/customer-reviews/R3OA3VLUGM8VY5/ref=cm_cr_arp_d_rvw_ttl?ie=UTF8&ASIN=B09D8L99FM
B09D8L99FM,"5,0 sur 5¬†√©toiles",Facile √† utiliser et de tr√®s bonne qualit√©,8-f√©vrier-2022,France,Achat v√©rifi√©,Qualit√© se l image tr√®s bonne,Une personne a trouv√© cela utile,/gp/customer-reviews/R1H6OXPTJ3DIUC/ref=cm_cr_arp_d_rvw_ttl?ie=UTF8&ASIN=B09D8L99FM
B09D8L99FM,"3,0 sur 5¬†√©toiles",Pas de garantie,12-novembre-2021,France,Achat v√©rifi√©,Elle s'√©teint. Et les images sont un peu floues,,/gp/customer-reviews/R2BHGDUW47SOP1/ref=cm_cr_arp_d_rvw_ttl?ie=UTF8&ASIN=B09D8L99FM
B09D8L99FM,"5,0 sur 5¬†√©toiles",rapport qualit√© prix au top,18-janvier-2022,France,Achat v√©rifi√©,Pour la chambre de ma petite fille,,/gp/customer-reviews/R3G3I196ECJ8U4/ref=cm_cr_arp_d_rvw_ttl?ie=UTF8&ASIN=B09D8L99FM
B09D8L99FM,"3,0 sur 5¬†√©toiles",Tele tres legere. Le son est mauvais.,5-novembre-2021,France,Achat v√©rifi√©,Tele tres legere.mauvais son .l image ca va .,,/gp/customer-reviews/R2CCAY33N1X6MV/ref=cm_cr_arp_d_rvw_ttl?ie=UTF8&ASIN=B09D8L99FM
B09D8L99FM,"5,0 sur 5¬†√©toiles",Top,7-mai-2021,France,Achat v√©rifi√©,"Tr√®s bonne t√©l√©,  top la qualit√© est tr√®s bien livraison avant la date parfait",,/gp/customer-reviews/R1UCLG5MRQRS7Q/ref=cm_cr_arp_d_rvw_ttl?ie=UTF8&ASIN=B09D8L99FM
B09D8L99FM,"5,0 sur 5¬†√©toiles",tr√®s bon produit,2-octobre-2021,France,Achat v√©rifi√©,fonctionne parfaitement avec ma cl√© hdmi fire tv.,,/gp/customer-reviews/RV629SAK9HG6D/ref=cm_cr_arp_d_rvw_ttl?ie=UTF8&ASIN=B09D8L99FM
B09D8L99FM,"5,0 sur 5¬†√©toiles",Bon produit - simple a utiliser,12-octobre-2021,France,Achat v√©rifi√©,Bon produit - simple a utiliser - belle image,,/gp/customer-reviews/R1G3I0QFFWBSL0/ref=cm_cr_arp_d_rvw_ttl?ie=UTF8&ASIN=B09D8L99FM
B09D8L99FM,"5,0 sur 5¬†√©toiles",T√©l√©vision,21-juin-2021,France,Achat v√©rifi√©,Correspondant parfaitement √† la description.,,/gp/customer-reviews/R1OD9X1A14NMQJ/ref=cm_cr_arp_d_rvw_ttl?ie=UTF8&ASIN=B09D8L99FM
B09D8L99FM,"5,0 sur 5¬†√©toiles",Bon produit,16-avril-2021,France,Achat v√©rifi√©,¬†Bonne qualit√© facile a installer,Une personne a trouv√© cela utile,/gp/customer-reviews/R2FQW7IONT2SWF/ref=cm_cr_arp_d_rvw_ttl?ie=UTF8&ASIN=B09D8L99FM
B09D8L99FM,"3,0 sur 5¬†√©toiles",Aucune explication,14-mai-2021,France,Achat v√©rifi√©,Impossible de r√©cup√©rer les cha√Ænes par satellite..... et aucune explication pour y arriver ...,Une personne a trouv√© cela utile,/gp/customer-reviews/R34WY6X5AQQ9PI/ref=cm_cr_arp_d_rvw_ttl?ie=UTF8&ASIN=B09D8L99FM
B09D8L99FM,"5,0 sur 5¬†√©toiles",Dommage il faut chercher le mode d'emploi sur internet car rien dans la bo√Æte d'origine.,12-d√©cembre-2021,France,Achat v√©rifi√©,Bon produit rapport qualit√© prix.,Une personne a trouv√© cela utile,/gp/customer-reviews/R3L06YTEUSN9O6/ref=cm_cr_arp_d_rvw_ttl?ie=UTF8&ASIN=B09D8L99FM
B09D8L99FM,"5,0 sur 5¬†√©toiles",Au top,18-mars-2022,France,Achat v√©rifi√©,Tres bien,,/gp/customer-reviews/R1FDUGE2AHC8LY/ref=cm_cr_arp_d_rvw_ttl?ie=UTF8&ASIN=B09D8L99FM
B09D8L99FM,"2,0 sur 5¬†√©toiles",√áa peut aller,24-mai-2021,France,Achat v√©rifi√©,Qualit√© de l‚Äôimage n‚Äôest pas terrible mais bon avec une chrome cast c‚Äôest pas mal,,/gp/customer-reviews/R2XZ4QHZK3QMNE/ref=cm_cr_arp_d_rvw_ttl?ie=UTF8&ASIN=B09D8L99FM
B09D8L99FM,"2,0 sur 5¬†√©toiles",La t√©l√© beug complet,20-d√©cembre-2021,France,Achat v√©rifi√©,"J‚Äôai achet√© la t√©l√©vision fin octobre, et elle beug complet, quand j‚Äôappuie pour l‚Äô√©teindre elle s‚Äô√©teint pas, elle m‚Äôa coup√© Netflix un plan milieu d‚Äôun √©pisode d‚Äôune s√©rie, tu lances une appli et d‚Äôun coup elle ferme l‚Äôappli sans cliquer sur rien",,/gp/customer-reviews/ROYV76ZBN9ITU/ref=cm_cr_arp_d_rvw_ttl?ie=UTF8&ASIN=B09D8L99FM
B09D8L99FM,"3,0 sur 5¬†√©toiles",Qualit√© d‚Äôimage tr√®s moyenne et t√©l√©commande non r√©active,27-d√©cembre-2021,France,Achat v√©rifi√©,Privee,Une personne a trouv√© cela utile,/gp/customer-reviews/R2C1TSFJT9R5SP/ref=cm_cr_arp_d_rvw_ttl?ie=UTF8&ASIN=B09D8L99FM
B09D8L99FM,"5,0 sur 5¬†√©toiles",qualit√©,3-d√©cembre-2021,France,Achat v√©rifi√©,livraison impeccable bon achat,,/gp/customer-reviews/RSPVHP61IAL6G/ref=cm_cr_arp_d_rvw_ttl?ie=UTF8&ASIN=B09D8L99FM
B09D8L99FM,"3,0 sur 5¬†√©toiles",Tv 61 cm,25-septembre-2021,France,Achat v√©rifi√©,Bien re√ßu rapide mais ALORS √âTIQUETTE COLL√â SUR LA TV J OSE PAS L ENLEVER JE NE COMPREND PAS LE FAIT QU'ELLE SOIT COLL√â SUR LA TV PLUT√îT QUE SUR. LE FILM DE PROTECTION AVEZ VOUS UNE SOLUTION ?,,/gp/customer-reviews/R1WY1KCC3XQNIC/ref=cm_cr_arp_d_rvw_ttl?ie=UTF8&ASIN=B09D8L99FM
B09D8L99FM,"5,0 sur 5¬†√©toiles",SUPERBE,24-d√©cembre-2021,France,Achat v√©rifi√©,Une dinguerie cette TV,Une personne a trouv√© cela utile,/gp/customer-reviews/R1VY7EA8X4UHEJ/ref=cm_cr_arp_d_rvw_ttl?ie=UTF8&ASIN=B09D8L99FM
B09D8L99FM,"5,0 sur 5¬†√©toiles",Je recommande,13-juillet-2021,France,Achat v√©rifi√©,Super Rapport qualit√© prix,,/gp/customer-reviews/R3RON24Q4W5C8P/ref=cm_cr_arp_d_rvw_ttl?ie=UTF8&ASIN=B09D8L99FM
B09D8L99FM,"5,0 sur 5¬†√©toiles",bon rapport qualite prix,6-juin-2021,France,Achat v√©rifi√©,bonne tv d appoint belle qualit√© d image son un peu l√©ger mais ce n est pas pour un home cin√©ma tr√®s bon produit,,/gp/customer-reviews/R32H8FYYQ76J6/ref=cm_cr_arp_d_rvw_ttl?ie=UTF8&ASIN=B09D8L99FM
B09D8L99FM,"4,0 sur 5¬†√©toiles",Correspond √† la description,4-avril-2022,France,Achat v√©rifi√©,"La TV est tr√®s jolie , mais alors j'ai eu tr√®s peur quand j'ai re√ßu le colis le carton de la TV √©t√© compl√®tement ab√Æm√© j'ai presque refuser le colis",,/gp/customer-reviews/R2R7LSORVXCDMH/ref=cm_cr_arp_d_rvw_ttl?ie=UTF8&ASIN=B09D8L99FM
B09D8L99FM,"1,0 sur 5¬†√©toiles",Arriv√© cass√©,25-juillet-2021,France,Achat v√©rifi√©,Arriv√© avec l'√©cran compl√®tement bris√©.,,/gp/customer-reviews/RI02ZP8UFFZ6/ref=cm_cr_arp_d_rvw_ttl?ie=UTF8&ASIN=B09D8L99FM
B09D8L99FM,"5,0 sur 5¬†√©toiles",Super produit,23-novembre-2021,France,Achat v√©rifi√©,Produit de tr√®s bonne qualit√©. Tr√®s facile d installation..tt se fait tt seul..image et menu au top,,/gp/customer-reviews/R2IJVMBIRP2U9I/ref=cm_cr_arp_d_rvw_ttl?ie=UTF8&ASIN=B09D8L99FM
B09D8L99FM,"5,0 sur 5¬†√©toiles",Excellent !!,5-d√©cembre-2020,France,Achat v√©rifi√©,"Excellent rapport qualit√© prix, superbe qualit√© d'image rien √† dire mais juste petit b√©mol les ports hdmi sont difficiles d'acc√®s impossible de brancher une fire stick sans la rallonge hdmi fourni mais sinon je recommande üòâ",Une personne a trouv√© cela utile,/gp/customer-reviews/R1QQB94MQE7CDZ/ref=cm_cr_arp_d_rvw_ttl?ie=UTF8&ASIN=B09D8L99FM
B09D8L99FM,"5,0 sur 5¬†√©toiles",Tr√®s bien,22-juin-2021,France,Achat v√©rifi√©,Rien √† redire,,/gp/customer-reviews/R3LZE9PQ8DG4CJ/ref=cm_cr_arp_d_rvw_ttl?ie=UTF8&ASIN=B09D8L99FM
B09D8L99FM,"5,0 sur 5¬†√©toiles",Excellent rapport qualit√© / prix,12-janvier-2022,France,Achat v√©rifi√©,Confirme au descriptif‚Ä¶ top !!!,Une personne a trouv√© cela utile,/gp/customer-reviews/RY096FZVW5O8H/ref=cm_cr_arp_d_rvw_ttl?ie=UTF8&ASIN=B09D8L99FM
B09D8L99FM,"5,0 sur 5¬†√©toiles",Article r√©pondant ais√©ment √† mes attentes,16-d√©cembre-2021,France,Achat v√©rifi√©,"Tr√®s belle qualit√© d'image et de son, tr√®s facile √† installer par le syst√®me Android,  tr√®s satisfaite je recommande",Une personne a trouv√© cela utile,/gp/customer-reviews/R1I7F0K5SO3ZT4/ref=cm_cr_arp_d_rvw_ttl?ie=UTF8&ASIN=B09D8L99FM
B09D8L99FM,"5,0 sur 5¬†√©toiles","Tout bon, rien √† ajouter",9-avril-2021,France,Achat v√©rifi√©,Je suis tr√®s satisfait du produit,,/gp/customer-reviews/R2XON3KSD5DM50/ref=cm_cr_arp_d_rvw_ttl?ie=UTF8&ASIN=B09D8L99FM
B09D8L99FM,"3,0 sur 5¬†√©toiles",Passable vu son prix,16-avril-2021,France,Achat v√©rifi√©,"Bas prix, basse qualit√© d'image",,/gp/customer-reviews/R353RD7WQHQI8Z/ref=cm_cr_arp_d_rvw_ttl?ie=UTF8&ASIN=B09D8L99FM
B09D8L99FM,"5,0 sur 5¬†√©toiles",Bon t√©l√©viseur,30-octobre-2021,France,Achat v√©rifi√©,"Bon produit, conforme au descriptif. Les couleurs d'image sont belles. Installation basique tr√®s facile et rapide. Utilisation dans une cuisine.",,/gp/customer-reviews/R30KQ66TI4SCTZ/ref=cm_cr_arp_d_rvw_ttl?ie=UTF8&ASIN=B09D8L99FM
B09D8L99FM,"4,0 sur 5¬†√©toiles",Bon rapport qualit√©/prix,4-juin-2021,France,Achat v√©rifi√©,"Dommage le son est vraiment moche, on va devoir acheter une barre de son....",Une personne a trouv√© cela utile,/gp/customer-reviews/R2O556W4HCY4LF/ref=cm_cr_arp_d_rvw_ttl?ie=UTF8&ASIN=B09D8L99FM
B09D8L99FM,"4,0 sur 5¬†√©toiles",Les couleurs sont dures √† regler. Pas de mode d'emploi m√™me en t√©l√©chargement.,6-novembre-2021,France,Achat v√©rifi√©,Les couleurs sont dures √† regler. Pas de mode d'emploi m√™me en t√©l√©chargement.,Une personne a trouv√© cela utile,/gp/customer-reviews/R3M1GYY054X1SP/ref=cm_cr_arp_d_rvw_ttl?ie=UTF8&ASIN=B09D8L99FM
B09D8L99FM,"5,0 sur 5¬†√©toiles",PB de Bluetooth.,25-d√©cembre-2021,France,Achat v√©rifi√©,,,/gp/customer-reviews/R2H6Z8QTARVQAX/ref=cm_cr_arp_d_rvw_ttl?ie=UTF8&ASIN=B09D8L99FM
B09D8L99FM,"4,0 sur 5¬†√©toiles",L√©g√®re et qualit√© d'image impeccable,25-juillet-2021,France,Achat v√©rifi√©,Hyper l√©g√®re comme t√©l√©,,/gp/customer-reviews/R11PGS332ZRNA2/ref=cm_cr_arp_d_rvw_ttl?ie=UTF8&ASIN=B09D8L99FM
B09D8L99FM,"4,0 sur 5¬†√©toiles",Top,4-janvier-2021,France,Achat v√©rifi√©,Bon rapport qualit√© prix !,,/gp/customer-reviews/R1KA0BITMKAQV6/ref=cm_cr_arp_d_rvw_ttl?ie=UTF8&ASIN=B09D8L99FM
B09D8L99FM,"5,0 sur 5¬†√©toiles",super,1-janvier-2022,France,Achat v√©rifi√©,BONNE TV JE RECOMMANDE,,/gp/customer-reviews/R3GSMP274FXE2Q/ref=cm_cr_arp_d_rvw_ttl?ie=UTF8&ASIN=B09D8L99FM
B09D8L99FM,"5,0 sur 5¬†√©toiles",G√©nial !,9-mai-2021,France,Achat v√©rifi√©,"J‚Äôai acheter cette √©cran pour mon salon en 43‚Äù 4K et franchement c‚Äôest incroyable une 4K tr√®s net pour le prix je ne regrette pas dutout la seul chose qui fait peur au d√©but c‚Äôest le menu image, son etc√©t√©ra mais au final j‚Äôai une Apple TV et la 4K et vraiment bien.",,/gp/customer-reviews/R30BRVD1M652S5/ref=cm_cr_arp_d_rvw_ttl?ie=UTF8&ASIN=B09D8L99FM
B09D8L99FM,"5,0 sur 5¬†√©toiles",Tres bonne qualit√© pour le prix,27-d√©cembre-2020,France,Achat v√©rifi√©,Belle image et son,Une personne a trouv√© cela utile,/gp/customer-reviews/R2S5BO2BHDAELO/ref=cm_cr_arp_d_rvw_ttl?ie=UTF8&ASIN=B09D8L99FM
B09D8L99FM,"4,0 sur 5¬†√©toiles",Rapport qualit√© prix ? ü§∑üèΩ‚Äç‚ôÇÔ∏è,24-ao√ªt-2021,France,Achat v√©rifi√©,"Imagine impeccable, la t√©l√©commande bloque au moindre objet devant, le son parcontre est vraiment mauvais... üëéüèΩ",Une personne a trouv√© cela utile,/gp/customer-reviews/R3E4J7X4WY8IBO/ref=cm_cr_arp_d_rvw_ttl?ie=UTF8&ASIN=B09D8L99FM
B09D8L99FM,"5,0 sur 5¬†√©toiles",Mont√© dans notre vw Popo et top,11-mars-2022,France,Achat v√©rifi√©,Impeccable rapport qualit√© prix,,/gp/customer-reviews/R11ODPL8XM3S8B/ref=cm_cr_arp_d_rvw_ttl?ie=UTF8&ASIN=B09D8L99FM
B09D8L99FM,"1,0 sur 5¬†√©toiles",Fonctionne pas,31-mai-2021,France,Achat v√©rifi√©,D√©√ßu ne fonctionne pas pas de son pas d'image enfin je recommande pas cette article,Une personne a trouv√© cela utile,/gp/customer-reviews/R185XFNVYKKVPX/ref=cm_cr_arp_d_rvw_ttl?ie=UTF8&ASIN=B09D8L99FM
B09D8L99FM,"4,0 sur 5¬†√©toiles",petite tele,4-avril-2021,France,Achat v√©rifi√©,bonjour √©cran vraiment trop petit,Une personne a trouv√© cela utile,/gp/customer-reviews/R2YYRACYZNI4C7/ref=cm_cr_arp_d_rvw_ttl?ie=UTF8&ASIN=B09D8L99FM
B09D8L99FM,"5,0 sur 5¬†√©toiles",Tr√®s belle image,19-mai-2021,France,Achat v√©rifi√©,Livraison ultra rapide.un compliqu√© √† param√©trer. Surtout ne pas oublier de saisir le jour et l'heure sinon.... Pas de cha√Æne de t√©l√©. Apr√®s √ßa va tout seul,,/gp/customer-reviews/R3UYQXJPAJ0TGL/ref=cm_cr_arp_d_rvw_ttl?ie=UTF8&ASIN=B09D8L99FM
B09D8L99FM,"5,0 sur 5¬†√©toiles",Excellent rapport qualit√© prix,22-mars-2021,France,Achat v√©rifi√©,"Television d'appoint dans une chambre. Tr√®s bonne qualit√© d'image, utilisation et r√©glages simples",,/gp/customer-reviews/RZBMI6DBVJ23R/ref=cm_cr_arp_d_rvw_ttl?ie=UTF8&ASIN=B09D8L99FM
B09D8L99FM,"5,0 sur 5¬†√©toiles",Super,20-avril-2022,France,Achat v√©rifi√©,Arriv√© √† l'heure,,/gp/customer-reviews/RQZ2TL9XZ5JZJ/ref=cm_cr_arp_d_rvw_ttl?ie=UTF8&ASIN=B09D8L99FM
B09D8L99FM,"2,0 sur 5¬†√©toiles",Lag,13-mars-2022,France,Achat v√©rifi√©,Le son est vraiment de mauvaise qualit√©. Et la tv lag d√®s que je regarde un match de foot et que ca va trop vite pour elle. Dommage.,,/gp/customer-reviews/R38LGP45V6B6N0/ref=cm_cr_arp_d_rvw_ttl?ie=UTF8&ASIN=B09D8L99FM
B09D8L99FM,"5,0 sur 5¬†√©toiles",Superbe,22-mai-2021,France,Achat v√©rifi√©,Je recommande,,/gp/customer-reviews/R5VJEL2UMJ5DH/ref=cm_cr_arp_d_rvw_ttl?ie=UTF8&ASIN=B09D8L99FM
B09D8L99FM,"5,0 sur 5¬†√©toiles",Super,2-avril-2022,France,Achat v√©rifi√©,pour le prix superbe t√©l√©,Une personne a trouv√© cela utile,/gp/customer-reviews/R3GQATJZL8MRVV/ref=cm_cr_arp_d_rvw_ttl?ie=UTF8&ASIN=B09D8L99FM
B09D8L99FM,"4,0 sur 5¬†√©toiles",Aucun mode d'emploi,17-ao√ªt-2021,France,Achat v√©rifi√©,Belle image,,/gp/customer-reviews/R3DAKZUD61FXBM/ref=cm_cr_arp_d_rvw_ttl?ie=UTF8&ASIN=B09D8L99FM
B09D8L99FM,"5,0 sur 5¬†√©toiles",T√©l√© au top,24-janvier-2022,France,Achat v√©rifi√©,"T√©l√© simple √† monter, √† installer, √† utiliser.",,/gp/customer-reviews/R2COXF6CUL1P43/ref=cm_cr_arp_d_rvw_ttl?ie=UTF8&ASIN=B09D8L99FM
B09D8L99FM,"5,0 sur 5¬†√©toiles",Super produits et super livreur,11-septembre-2021,France,Achat v√©rifi√©,Tr√®s bon produit et des livreurs d Amazon au Top . Ils prennent vraiment soin des colis pas quand les livreurs de  DPD qui mon livr√© une t√©l√© cass√© le lundi.,,/gp/customer-reviews/R1JXOEXARGACHX/ref=cm_cr_arp_d_rvw_ttl?ie=UTF8&ASIN=B09D8L99FM
B09D8L99FM,"5,0 sur 5¬†√©toiles",Produit conforme n√©anmoins si je pouvais prendre plus grand √ßa aurait √©t√© id√©al.,25-mars-2022,France,Achat v√©rifi√©,Prendre plus grand que 34  si vous avez un espace niche de 105 cm,,/gp/customer-reviews/R38KOYP6AXIBYP/ref=cm_cr_arp_d_rvw_ttl?ie=UTF8&ASIN=B09D8L99FM
B09D8L99FM,"4,0 sur 5¬†√©toiles",Qualit√© de l'image,30-juillet-2021,France,Achat v√©rifi√©,Tr√®s bon rapport qualit√© prix,,/gp/customer-reviews/R3H26JVVDJ0O4O/ref=cm_cr_arp_d_rvw_ttl?ie=UTF8&ASIN=B09D8L99FM
B09D8L99FM,"5,0 sur 5¬†√©toiles","Rapport prix, qualit√©, tr√®s bon choix.",11-mai-2021,France,Achat v√©rifi√©,En deuxi√®me tv  dans la cuisine.  Bonne qualit√© d'image et son puissant. üëå,,/gp/customer-reviews/R30PJ0DWEDNG87/ref=cm_cr_arp_d_rvw_ttl?ie=UTF8&ASIN=B09D8L99FM
B09D8L99FM,"5,0 sur 5¬†√©toiles",Bon qualit√© prix,6-mai-2021,France,Achat v√©rifi√©,Tr√®s bon produit. Bonne qualit√© de l'image. Je conseille,,/gp/customer-reviews/R2B76XMCMHLRR0/ref=cm_cr_arp_d_rvw_ttl?ie=UTF8&ASIN=B09D8L99FM
B09D8L99FM,"5,0 sur 5¬†√©toiles",Parfait pour le moment,25-novembre-2021,France,Achat v√©rifi√©,Parfait pour le moment a voir si tiens dans la dur√©e,,/gp/customer-reviews/RCCPZIVJYTCHR/ref=cm_cr_arp_d_rvw_ttl?ie=UTF8&ASIN=B09D8L99FM
B09D8L99FM,"5,0 sur 5¬†√©toiles",Parfait,22-novembre-2021,France,Achat v√©rifi√©,Parfait,,/gp/customer-reviews/R1VERWF429CER7/ref=cm_cr_arp_d_rvw_ttl?ie=UTF8&ASIN=B09D8L99FM
B09D8L99FM,"5,0 sur 5¬†√©toiles",Top,22-janvier-2022,France,Achat v√©rifi√©,"Ravie, pour le moment re√ßu aujourd'hui , livraison rapide .",,/gp/customer-reviews/R2CZ10YNGYE670/ref=cm_cr_arp_d_rvw_ttl?ie=UTF8&ASIN=B09D8L99FM
B09D8L99FM,"3,0 sur 5¬†√©toiles",vid√©o,24-f√©vrier-2021,France,Achat v√©rifi√©,"Bonjour il ne lit pas toutes les vid√©o ,j'ai voulut regarder plusieurs vid√©o en HDTV et sa ne fonctionne pas ,comment je doit faire pour que sa fonctionne ?svp.",,/gp/customer-reviews/R3UPL1Q4QQRCZD/ref=cm_cr_arp_d_rvw_ttl?ie=UTF8&ASIN=B09D8L99FM
B09D8L99FM,"1,0 sur 5¬†√©toiles",D√©fectueuse,16-mars-2022,France,Achat v√©rifi√©,M√™me pas 30 min d‚Äôutilisation que je doit d√©j√† la renvoyer‚Ä¶ d√©fectueuse qualit√© pas fou bref je ne recommande pas !,Une personne a trouv√© cela utile,/gp/customer-reviews/R2UN28C7S7VWL8/ref=cm_cr_arp_d_rvw_ttl?ie=UTF8&ASIN=B09D8L99FM
B09D8L99FM,"5,0 sur 5¬†√©toiles",Tele ne s allume plus,11-octobre-2021,France,Achat v√©rifi√©,Bonjour ma tele ne s allume plus .qui dois je apeler car le service depannage est international une personne vous parle en anglais,,/gp/customer-reviews/RSYL3OVEV91MG/ref=cm_cr_arp_d_rvw_ttl?ie=UTF8&ASIN=B09D8L99FM
B09D8L99FM,"5,0 sur 5¬†√©toiles",tr√®s bon appareil,7-ao√ªt-2021,France,Achat v√©rifi√©,Que dire il fonctionne bien et l'image est bonne,,/gp/customer-reviews/R2DW7ZGRAX3AU0/ref=cm_cr_arp_d_rvw_ttl?ie=UTF8&ASIN=B09D8L99FM
B09D8L99FM,"5,0 sur 5¬†√©toiles",Tr√®s satisfait,25-novembre-2021,France,Achat v√©rifi√©,¬†Tr√®s satisfait de mon produit en esp√©rant que cela dure,Une personne a trouv√© cela utile,/gp/customer-reviews/R30OR82JS46TRC/ref=cm_cr_arp_d_rvw_ttl?ie=UTF8&ASIN=B09D8L99FM
B09D8L99FM,"5,0 sur 5¬†√©toiles","Tr√®s bel article, de haute qualit√© √† un prix raisonnable.",16-novembre-2021,France,Achat v√©rifi√©,"Les caract√©ristiques d√©clin√©s correspondent √† la qualit√© d'image retrouv√©e, dot√© d'une qualit√© de son raisonnable.",Une personne a trouv√© cela utile,/gp/customer-reviews/R1I6LZKTN0T5YM/ref=cm_cr_arp_d_rvw_ttl?ie=UTF8&ASIN=B09D8L99FM
B09D8L99FM,"3,0 sur 5¬†√©toiles",Bon rapport qualit√© prix.,11-d√©cembre-2021,France,Achat v√©rifi√©,La qualit√© du son est moyenne.,,/gp/customer-reviews/R3OLMRESJ0IR8J/ref=cm_cr_arp_d_rvw_ttl?ie=UTF8&ASIN=B09D8L99FM
B09D8L99FM,"5,0 sur 5¬†√©toiles",tv,25-juillet-2021,France,Achat v√©rifi√©,pour regarder la t√©l√©!,,/gp/customer-reviews/R3MCPL31Y0AT0E/ref=cm_cr_arp_d_rvw_ttl?ie=UTF8&ASIN=B09D8L99FM
B09D8L99FM,"5,0 sur 5¬†√©toiles",Excellent rapport qualit√©-prix.,15-avril-2021,France,Achat v√©rifi√©,Ce t√©l√©viseur me sert de moniteur pour ma tour PC et nous sert autant pour jouer que pour regarder dessus Netflix. Excellent rapport qualit√©-prix !,,/gp/customer-reviews/R3RUS0XV3QRVF7/ref=cm_cr_arp_d_rvw_ttl?ie=UTF8&ASIN=B09D8L99FM
B09D8L99FM,"4,0 sur 5¬†√©toiles",bon rapport qualit√© prix,14-f√©vrier-2022,France,Achat v√©rifi√©,bon rapport qualit√© prix,,/gp/customer-reviews/R6LPVH8TMAVOM/ref=cm_cr_arp_d_rvw_ttl?ie=UTF8&ASIN=B09D8L99FM
B09D8L99FM,"4,0 sur 5¬†√©toiles",Pas d'image,24-f√©vrier-2021,France,Achat v√©rifi√©,L'article a l'air bien mais jt d√©gout√© de voir que quand c'est arriv√© il y avait le son mais pas d'image je donne 4 √©toile car elle √©tait bien ambale et tous,,/gp/customer-reviews/R12E1RZUIU2IIK/ref=cm_cr_arp_d_rvw_ttl?ie=UTF8&ASIN=B09D8L99FM
B09D8L99FM,"5,0 sur 5¬†√©toiles",Top,6-mars-2022,France,Achat v√©rifi√©,Livr√© via un livreur tard pro. Tr√®s bonne √©tat du colis.,,/gp/customer-reviews/RSZ8ASCG2XULK/ref=cm_cr_arp_d_rvw_ttl?ie=UTF8&ASIN=B09D8L99FM
B09D8L99FM,"4,0 sur 5¬†√©toiles",O top,25-avril-2021,France,Achat v√©rifi√©,O top pas d√©√ßu de mon achat,Une personne a trouv√© cela utile,/gp/customer-reviews/RSW45T64828DG/ref=cm_cr_arp_d_rvw_ttl?ie=UTF8&ASIN=B09D8L99FM
B09D8L99FM,"5,0 sur 5¬†√©toiles",Belle t√©l√©,2-d√©cembre-2021,France,Achat v√©rifi√©,Superbe t√©l√© belle image et bon son,,/gp/customer-reviews/R1LA8V4A97MTIG/ref=cm_cr_arp_d_rvw_ttl?ie=UTF8&ASIN=B09D8L99FM
B09D8L99FM,"3,0 sur 5¬†√©toiles",Le son et nul,23-juillet-2021,France,Achat v√©rifi√©,Le son et vraiment nul,,/gp/customer-reviews/R32JUPNBUZYWRY/ref=cm_cr_arp_d_rvw_ttl?ie=UTF8&ASIN=B09D8L99FM
B09D8L99FM,"2,0 sur 5¬†√©toiles",A √©t√© hors service rapidement,27-mai-2021,France,Achat v√©rifi√©,Conforme √† la livraison mais HS 5 jours apr√®s !,,/gp/customer-reviews/R3LE12D8I9YCV1/ref=cm_cr_arp_d_rvw_ttl?ie=UTF8&ASIN=B09D8L99FM
B09D8L99FM,"4,0 sur 5¬†√©toiles",C‚Äôest pas tout √† fait exact,29-mai-2021,France,Achat v√©rifi√©,Le seul inconv√©nient c‚Äôest au niveau des pixels ne sont pas assez bon dans l‚Äôensemble il fonctionne parfaitement bien,,/gp/customer-reviews/R137POBIOZYEX1/ref=cm_cr_arp_d_rvw_ttl?ie=UTF8&ASIN=B09D8L99FM
B09D8L99FM,"3,0 sur 5¬†√©toiles",Bof,20-novembre-2021,France,Achat v√©rifi√©,Bon rapport qualit√© prix mais la qualit√© du son est tr√®s mauvaise.,,/gp/customer-reviews/R21MPGPAJLQNEA/ref=cm_cr_arp_d_rvw_ttl?ie=UTF8&ASIN=B09D8L99FM
B09D8L99FM,"1,0 sur 5¬†√©toiles",Images super mets le son faire la voir j'ach√®terai plus ce produit,22-septembre-2021,France,Achat v√©rifi√©,L'image super mais ils sont oubli√© laisse en mauvaise qualit√© jeune ach√®terai plus cette marque,,/gp/customer-reviews/R22985QB4FBA0/ref=cm_cr_arp_d_rvw_ttl?ie=UTF8&ASIN=B09D8L99FM
B09D8L99FM,"5,0 sur 5¬†√©toiles",Dimension √©cran et alimentation 12 volts,13-juin-2021,France,Achat v√©rifi√©,Parfait pour une utilisation en camping car,,/gp/customer-reviews/R1PHVG5WW67XKD/ref=cm_cr_arp_d_rvw_ttl?ie=UTF8&ASIN=B09D8L99FM
B09D8L99FM,"5,0 sur 5¬†√©toiles",Superbe tv,13-mai-2021,France,Achat v√©rifi√©,Bonne tv bon rapport qualit√© prix et je recommande,,/gp/customer-reviews/R1WCEQUX7K0T6O/ref=cm_cr_arp_d_rvw_ttl?ie=UTF8&ASIN=B09D8L99FM
B09D8L99FM,"5,0 sur 5¬†√©toiles",Excellent produit et surtout le vendeur !,22-juillet-2021,France,Achat v√©rifi√©,"SAV de super qualit√©, j‚Äôai eu un petit souci et le vendeur a tout fait pour me proposer une solution‚Ä¶",,/gp/customer-reviews/R2B3W3M9YX7EUZ/ref=cm_cr_arp_d_rvw_ttl?ie=UTF8&ASIN=B09D8L99FM
B09D8L99FM,"4,0 sur 5¬†√©toiles","tr√®s bien emball√©, qualit√© d'image conforme √† mes attentes",18-avril-2021,France,Achat v√©rifi√©,produit conforme,,/gp/customer-reviews/RCFR208QZUP72/ref=cm_cr_arp_d_rvw_ttl?ie=UTF8&ASIN=B09D8L99FM
B09D8L99FM,"1,0 sur 5¬†√©toiles",Kdkdkd,29-octobre-2020,France,Achat v√©rifi√©,Arriv√© le 21 octobre et elle ne fonctionne d√©j√† plus.,Une personne a trouv√© cela utile,/gp/customer-reviews/R2QSB9B0GIRDMI/ref=cm_cr_arp_d_rvw_ttl?ie=UTF8&ASIN=B09D8L99FM
B09D8L99FM,"1,0 sur 5¬†√©toiles",Pas De Hdr,6-mai-2021,France,Achat v√©rifi√©,Seul t√©l√© 4k incompatible hdr pour les console !,,/gp/customer-reviews/R2JS71VCSIWE6J/ref=cm_cr_arp_d_rvw_ttl?ie=UTF8&ASIN=B09D8L99FM
B09D8L99FM,"3,0 sur 5¬†√©toiles","ne vaut pas le prix demand√©, peut-√™tre la moiti√© !",5-f√©vrier-2021,France,Achat v√©rifi√©,Pas √† conseiller,,/gp/customer-reviews/R1JUSP93UQS55K/ref=cm_cr_arp_d_rvw_ttl?ie=UTF8&ASIN=B09D8L99FM
B09D8L99FM,"5,0 sur 5¬†√©toiles",Je suis tr√®s content,14-f√©vrier-2022,France,Achat v√©rifi√©,"Une belle t√©l√© üì∫, je commande.",Une personne a trouv√© cela utile,/gp/customer-reviews/RH5G4VSKMMCV1/ref=cm_cr_arp_d_rvw_ttl?ie=UTF8&ASIN=B09D8L99FM
B09D8L99FM,"5,0 sur 5¬†√©toiles",Rien √† signaler,11-mars-2022,France,Achat v√©rifi√©,Qualit√© au top pour le prix!!!,,/gp/customer-reviews/R3SG7RA828KEK/ref=cm_cr_arp_d_rvw_ttl?ie=UTF8&ASIN=B09D8L99FM
B09D8L99FM,"5,0 sur 5¬†√©toiles","Le produit correspondant √† mes attentes, livraison rapide et soign√©. Rien √† dire",20-janvier-2022,France,Achat v√©rifi√©,Qualit√© de l'image tr√®s bonne,,/gp/customer-reviews/R2OMGMQOZQ5TCW/ref=cm_cr_arp_d_rvw_ttl?ie=UTF8&ASIN=B09D8L99FM
B09D8L99FM,"5,0 sur 5¬†√©toiles",Magnifique smart TV,30-avril-2022,France,Achat v√©rifi√©,Magnifique smart TV rapport qualit√©-prix üëç,,/gp/customer-reviews/R2QJY3AUNVSCQF/ref=cm_cr_arp_d_rvw_ttl?ie=UTF8&ASIN=B09D8L99FM
B09D8L99FM,"4,0 sur 5¬†√©toiles",Pas mal,23-ao√ªt-2021,France,Achat v√©rifi√©,Pour le prix c‚Äôest vraiment pas mal,,/gp/customer-reviews/R2E7GA3K2H1Y61/ref=cm_cr_arp_d_rvw_ttl?ie=UTF8&ASIN=B09D8L99FM
B09D8L99FM,"4,0 sur 5¬†√©toiles",Bonne qualit√© dans l‚Äôensemble,15-mai-2021,France,Achat v√©rifi√©,Tout va bien rapport qualit√© prix  parfait.,,/gp/customer-reviews/RA9Y2BZYVZW2S/ref=cm_cr_arp_d_rvw_ttl?ie=UTF8&ASIN=B09D8L99FM
B09D8L99FM,"2,0 sur 5¬†√©toiles",Pas achet√© !,27-mars-2021,France,Achat v√©rifi√©,Super petite Meme pour une chambre le son est pas fort du tout,,/gp/customer-reviews/R20G1AZN2MESPB/ref=cm_cr_arp_d_rvw_ttl?ie=UTF8&ASIN=B09D8L99FM
B09D8L99FM,"2,0 sur 5¬†√©toiles",Non satisfait,16-ao√ªt-2021,France,Achat v√©rifi√©,"Vendu pour une k4 mes malheureusement elle ne le fait pas, tr√®s d√©√ßu",,/gp/customer-reviews/R25DH3FULTYI36/ref=cm_cr_arp_d_rvw_ttl?ie=UTF8&ASIN=B09D8L99FM
B09D8L99FM,"5,0 sur 5¬†√©toiles",Tr√®s bonne television,10-janvier-2021,France,Achat v√©rifi√©,Pour la chambre de ma fille,,/gp/customer-reviews/R96IOL8HI6GXU/ref=cm_cr_arp_d_rvw_ttl?ie=UTF8&ASIN=B09D8L99FM
B09D8L99FM,"5,0 sur 5¬†√©toiles",Bien,11-avril-2021,France,Achat v√©rifi√©,Juste le led marche arr√™t genan en milieu de ba √©cran  Bien meme,,/gp/customer-reviews/R11RD0ZIFE3L7E/ref=cm_cr_arp_d_rvw_ttl?ie=UTF8&ASIN=B09D8L99FM
B09D8L99FM,"1,0 sur 5¬†√©toiles",produit arriver avec √©cran casser,19-septembre-2021,France,Achat v√©rifi√©,retour obliger √©cran casser,,/gp/customer-reviews/R24BY8SEB110NR/ref=cm_cr_arp_d_rvw_ttl?ie=UTF8&ASIN=B09D8L99FM
B09D8L99FM,"5,0 sur 5¬†√©toiles",Le t√©l√©viseur strong est parfait belle image la qualit√© et le prix parfait,11-f√©vrier-2021,France,Achat v√©rifi√©,Mon ancien t√©l√©viseur √©tait en panne,,/gp/customer-reviews/R2I16PG6HV1PD/ref=cm_cr_arp_d_rvw_ttl?ie=UTF8&ASIN=B09D8L99FM
B09D8L99FM,"5,0 sur 5¬†√©toiles",super produit,16-mars-2021,France,Achat v√©rifi√©,bon son bonne image pas d√©√ßu de mon achat,,/gp/customer-reviews/R13DCF51YZ5LX0/ref=cm_cr_arp_d_rvw_ttl?ie=UTF8&ASIN=B09D8L99FM
B09D8L99FM,"5,0 sur 5¬†√©toiles",Top,11-mars-2022,France,Achat v√©rifi√©,,,/gp/customer-reviews/R30TA16SFFBVVJ/ref=cm_cr_arp_d_rvw_ttl?ie=UTF8&ASIN=B09D8L99FM
B09D8L99FM,"5,0 sur 5¬†√©toiles",bien,29-novembre-2021,France,Achat v√©rifi√©,Prix Abordable,,/gp/customer-reviews/R3J8B4RU2GS2EN/ref=cm_cr_arp_d_rvw_ttl?ie=UTF8&ASIN=B09D8L99FM
B09D8L99FM,"5,0 sur 5¬†√©toiles",le seul PB du t√©l√©viseur c'est qu'on peut  changer l'image si on ne branche pas un autre d√©codeur,31-janvier-2022,France,Achat v√©rifi√©,,,/gp/customer-reviews/R1EOXOM3HC1TDT/ref=cm_cr_arp_d_rvw_ttl?ie=UTF8&ASIN=B09D8L99FM
B09D8L99FM,"5,0 sur 5¬†√©toiles",Tr√©s fontiionnelle,25-mai-2021,France,Achat v√©rifi√©,Tr√©s pratique image parfait,,/gp/customer-reviews/R2XW9XOKBOB0NI/ref=cm_cr_arp_d_rvw_ttl?ie=UTF8&ASIN=B09D8L99FM
B09D8L99FM,"5,0 sur 5¬†√©toiles",Superbe image,9-juillet-2021,France,Achat v√©rifi√©,Top,,/gp/customer-reviews/R1P5G0VVG4PM0F/ref=cm_cr_arp_d_rvw_ttl?ie=UTF8&ASIN=B09D8L99FM
B09D8L99FM,"5,0 sur 5¬†√©toiles","Qualit√©,prix",4-avril-2021,France,Achat v√©rifi√©,"Taille de l'√©cran, ainsi qu'une bonne luminosit√©.",,/gp/customer-reviews/RQKBF4NCSJWH9/ref=cm_cr_arp_d_rvw_ttl?ie=UTF8&ASIN=B09D8L99FM
B09D8L99FM,"5,0 sur 5¬†√©toiles",image,13-mai-2021,France,Achat v√©rifi√©,belle tv,,/gp/customer-reviews/R34L4Z2C8YGF41/ref=cm_cr_arp_d_rvw_ttl?ie=UTF8&ASIN=B09D8L99FM
B09D8L99FM,"1,0 sur 5¬†√©toiles",super commande,10-d√©cembre-2020,France,Achat v√©rifi√©,la television devait surement etre bien mais elle est arriv√©e cass√©,,/gp/customer-reviews/R1ZUOUIXPUS1D4/ref=cm_cr_arp_d_rvw_ttl?ie=UTF8&ASIN=B09D8L99FM
B09D8L99FM,"5,0 sur 5¬†√©toiles",Parfait !,5-d√©cembre-2020,France,Achat v√©rifi√©,Franchement tr√®s bon rapport qualit√©-prix. Je vous conseille !,,/gp/customer-reviews/R1AQIX0QL8NCUE/ref=cm_cr_arp_d_rvw_ttl?ie=UTF8&ASIN=B09D8L99FM
B09D8L99FM,"5,0 sur 5¬†√©toiles",Belle image,3-avril-2021,France,Achat v√©rifi√©,Pour ma femme qui se trouve en UHR,,/gp/customer-reviews/R1ZEEKDY26FREY/ref=cm_cr_arp_d_rvw_ttl?ie=UTF8&ASIN=B09D8L99FM
B09D8L99FM,"5,0 sur 5¬†√©toiles",Rien,5-juin-2021,France,Achat v√©rifi√©,Superbe tele,,/gp/customer-reviews/R13R11HQJD1NB5/ref=cm_cr_arp_d_rvw_ttl?ie=UTF8&ASIN=B09D8L99FM
B09D8L99FM,"5,0 sur 5¬†√©toiles",Bon produit,29-mars-2021,France,Achat v√©rifi√©,Tr√®s bon produit,,/gp/customer-reviews/R10GMRBROFBUXL/ref=cm_cr_arp_d_rvw_ttl?ie=UTF8&ASIN=B09D8L99FM
B09D8L99FM,"1,0 sur 5¬†√©toiles",Colis arriver casser,28-octobre-2020,France,Achat v√©rifi√©,Article arriver casser,,/gp/customer-reviews/R16W2P3A7ACFSO/ref=cm_cr_arp_d_rvw_ttl?ie=UTF8&ASIN=B09D8L99FM
B09D8L99FM,"5,0 sur 5¬†√©toiles",Niquel,5-mars-2022,France,,Re√ßu aujourd'hui,Une personne a trouv√© cela utile,/gp/customer-reviews/RU85X94XFWFCZ/ref=cm_cr_arp_d_rvw_ttl?ie=UTF8&ASIN=B09D8L99FM
B09D8L99FM,"4,0 sur 5¬†√©toiles",Utiliser dans une cuisine,8-f√©vrier-2022,France,,Qualit√© d'image suffisante. J'ai rajout√© une barre de son pour gagner en qualit√© de son.  Emballage tr√®s bien fait et de bonne qualit√©,,/gp/customer-reviews/RSEEL18C2JRJQ/ref=cm_cr_arp_d_rvw_ttl?ie=UTF8&ASIN=B09D8L99FM
B09D8L99FM,"4,0 sur 5¬†√©toiles",Tv conforme  au descriptif,11-ao√ªt-2021,France,,La t√©l√© est conforme au descriptif de l'annonce t√©l√© arriv√© avec du retard heureusement que j'ai demand√© l'emballage Amazon prime en plus du carton TV d'origine car il arrivait sacr√©ment ab√Æmer,,/gp/customer-reviews/R3VTA3RK574XTF/ref=cm_cr_arp_d_rvw_ttl?ie=UTF8&ASIN=B09D8L99FM
B09D8L99FM,"4,0 sur 5¬†√©toiles",De l'animation,23-mars-2021,France,,Plus de t√©l√© et en p√©riode de confinement c'est la mort. Donc t√©l√© de remplacement urgemment sollicit√©e. Et pas trop ch√®re si possible et voil√† pourquoi.,,/gp/customer-reviews/R22P8MHLEK7W8E/ref=cm_cr_arp_d_rvw_ttl?ie=UTF8&ASIN=B09D8L99FM
B09D8L99FM,"1,0 sur 5¬†√©toiles",Et la notice dans tout ca ????,26-avril-2021,France,,Apparemment la t√©l√© est pas mal mais le probleme c est qu il n y a m√™me pas la notice ni de guide pour la mise en route,,/gp/customer-reviews/R3SCCIPWYB5XG0/ref=cm_cr_arp_d_rvw_ttl?ie=UTF8&ASIN=B09D8L99FM
B09D8L99FM,"5,0 sur 5¬†√©toiles",Parfait,25-mai-2021,France,Achat v√©rifi√©,"Je cherchais une tv plus grande que la mienne et donc c'est une 101cm, le son est parfait je n'ai pas besoin de le mettre  √† fond, dans la journ√©e je mets √† 28, et le soir 14 c'est suffisant pour moi. La qualit√© de l'image est parfaite aussi. Le seul point n√©gatif que j'ai trouv√© c'est que la luminosit√© reste assez forte le soir mais √ßa ne donne pas envie d'enlever une √©toile. √áa fait quasiment 1 mois que je l'utilise et tout est super. A voir dans le temps.",,/gp/customer-reviews/R2JK7ASSULQFUB/ref=cm_cr_arp_d_rvw_ttl?ie=UTF8&ASIN=B09D8L99FM
B09D8L99FM,"3,0 sur 5¬†√©toiles",Tr√®s belle image,26-novembre-2021,France,Achat v√©rifi√©,Tv connect√©e tr√®s simple a param√©trer s‚Äôadapte bien avec une box qualit√© d‚Äôimage top je met simplement 3 √©toiles car les mesures avec pieds √©taient erron√©es du coup j‚Äôai eu un probl√®me de hauteur oblig√©e de la mettre sur un autre meuble,,/gp/customer-reviews/R1M61BNRH3YKSO/ref=cm_cr_arp_d_rvw_ttl?ie=UTF8&ASIN=B09D8L99FM
B09D8L99FM,"5,0 sur 5¬†√©toiles",Pas d√©√ßue ok pour le prix,27-juin-2021,France,Achat v√©rifi√©,Je regarde la t√©l√© sur ce poste.,2 personnes ont trouv√© cela utile,/gp/customer-reviews/R3T4CJ4LAH3DTN/ref=cm_cr_arp_d_rvw_ttl?ie=UTF8&ASIN=B09D8L99FM
B09D8L99FM,"1,0 sur 5¬†√©toiles",IMPOSSIBLE FRANSAT,2-novembre-2021,France,Achat v√©rifi√©,REFUSE TOUT MOT DE PASSE.JE FONCTIONE DONC AVEC UN DECODEUR FRANSAT A COTE.TRES DOMAGE.,,/gp/customer-reviews/RX2HKNAQNJOF2/ref=cm_cr_arp_d_rvw_ttl?ie=UTF8&ASIN=B09D8L99FM
B09D8L99FM,"5,0 sur 5¬†√©toiles",Pas beaucoup d'entourage que de l'√©cranüëç,22-avril-2021,France,Achat v√©rifi√©,üì∫ pour mettre dans la chambre,,/gp/customer-reviews/RDMJ8YYRHAM1T/ref=cm_cr_arp_d_rvw_ttl?ie=UTF8&ASIN=B09D8L99FM
B09D8L99FM,"5,0 sur 5¬†√©toiles","Tr√®s bon produit, rapport qualit√© prix imbattable",3-mai-2021,France,Achat v√©rifi√©,"Excellent produit, install√© facilement dans mon camping car.",,/gp/customer-reviews/R11HF1TKETWLOJ/ref=cm_cr_arp_d_rvw_ttl?ie=UTF8&ASIN=B09D8L99FM
B09D8L99FM,"1,0 sur 5¬†√©toiles",Bof,22-juin-2021,France,Achat v√©rifi√©,"Franchement m√™me si ok c'est pas ch√®re, rien a voir avec ma t√©l√© a 1200‚Ç¨. Apr√®s, oui sa d√©panne.",,/gp/customer-reviews/R2UN987O8ZCUHM/ref=cm_cr_arp_d_rvw_ttl?ie=UTF8&ASIN=B09D8L99FM
B09D8L99FM,"5,0 sur 5¬†√©toiles",t√©l√©viseur,31-d√©cembre-2021,France,Achat v√©rifi√©,"tr√®s bon produit gr√¢ce √† sa qualit√© d'image, nettet√© et le son",,/gp/customer-reviews/RVMWCG3DRH03P/ref=cm_cr_arp_d_rvw_ttl?ie=UTF8&ASIN=B09D8L99FM
B09D8L99FM,"5,0 sur 5¬†√©toiles",Livraison rapide,15-mai-2021,France,Achat v√©rifi√©,Rapport qualit√© prix tr√®s int√©ressant,,/gp/customer-reviews/R2VD5NW9JKHY4U/ref=cm_cr_arp_d_rvw_ttl?ie=UTF8&ASIN=B09D8L99FM
B09D8L99FM,"5,0 sur 5¬†√©toiles",Parfaitement parfait,11-juin-2021,France,Achat v√©rifi√©,Qualit√© d‚Äôimage au top au top elle est parfaite,,/gp/customer-reviews/R2QYLNBP5TKV1Y/ref=cm_cr_arp_d_rvw_ttl?ie=UTF8&ASIN=B09D8L99FM
B09D8L99FM,"5,0 sur 5¬†√©toiles",Excellent produit,16-ao√ªt-2021,France,Achat v√©rifi√©,"Tr√®s bon rapport qualit√© prix, belle image",,/gp/customer-reviews/R3JU24O4A6DPCO/ref=cm_cr_arp_d_rvw_ttl?ie=UTF8&ASIN=B09D8L99FM
B09D8L99FM,"5,0 sur 5¬†√©toiles",Un prix plus que correct,17-mars-2021,France,Achat v√©rifi√©,Tr√®s bonne qualit√© pour le prix,,/gp/customer-reviews/R2F6AX6G3SJH3I/ref=cm_cr_arp_d_rvw_ttl?ie=UTF8&ASIN=B09D8L99FM
B09D8L99FM,"5,0 sur 5¬†√©toiles",Excellent,30-avril-2021,France,Achat v√©rifi√©,Excellent,,/gp/customer-reviews/R2T2P8XPO6F7V0/ref=cm_cr_arp_d_rvw_ttl?ie=UTF8&ASIN=B09D8L99FM
B09D8L99FM,"5,0 sur 5¬†√©toiles",livraison rapide,5-mai-2021,France,Achat v√©rifi√©,√©cran PC,,/gp/customer-reviews/R3T92TIDCBS51B/ref=cm_cr_arp_d_rvw_ttl?ie=UTF8&ASIN=B09D8L99FM
B09D8L99FM,"4,0 sur 5¬†√©toiles","Pour le prix, c'est parfait",15-avril-2022,France,Achat v√©rifi√©,"Franchement pour le prix, c'est une tr√®s bonne t√©l√©, je recommande",Une personne a trouv√© cela utile,/gp/customer-reviews/R117CYAES2DN6Q/ref=cm_cr_arp_d_rvw_ttl?ie=UTF8&ASIN=B09D8L99FM
B09D8L99FM,"1,0 sur 5¬†√©toiles",Techniquement loin,28-mars-2022,France,Achat v√©rifi√©,Pas D'USB autre que les vieux mod√®les,,/gp/customer-reviews/R20E0KUE0A12XX/ref=cm_cr_arp_d_rvw_ttl?ie=UTF8&ASIN=B09D8L99FM
B09D8L99FM,"1,0 sur 5¬†√©toiles",Article arriv√© √©cran JS,25-mars-2022,France,Achat v√©rifi√©,√âcran HS,,/gp/customer-reviews/RGJPDYF2L9GHE/ref=cm_cr_arp_d_rvw_ttl?ie=UTF8&ASIN=B09D8L99FM
B09D8L99FM,"5,0 sur 5¬†√©toiles",Pas d√©√ßu du tout,23-mars-2022,France,Achat v√©rifi√©,J'avais une Continental Edison de 2019 qui m'a l√¢ch√© comme √ßa sans raison donc j'ai de grande espoir pour cette t√©l√© en tout la qualit√© d'image et de son est top r√©glage simple √† faire aucun soucis a voir sur le long terme pour le moment je suis enti√®rement satisfaite,2 personnes ont trouv√© cela utile,/gp/customer-reviews/R1L49BI0VPBSAB/ref=cm_cr_arp_d_rvw_ttl?ie=UTF8&ASIN=B09D8L99FM
B09D8L99FM,"2,0 sur 5¬†√©toiles",Bonjours,23-avril-2022,France,Achat v√©rifi√©,La tv a bien etais arivee avec le carton ouvert ;mais quand je suis arivee du travail j'ai monte la tele mais casser fe l'interieur des raillure .voici la preuve.,,/gp/customer-reviews/R3NUQ9BRD9O5GD/ref=cm_cr_arp_d_rvw_ttl?ie=UTF8&ASIN=B09D8L99FM
B09D8L99FM,"3,0 sur 5¬†√©toiles",Image de qualit√© modeste,4-avril-2022,France,Achat v√©rifi√©,La TV fonctionne bien mais l'image est de qualit√© modeste au regard des marques classiques. Bon fonctionnement avec tuner satellite,,/gp/customer-reviews/RNKJUE2QN10DU/ref=cm_cr_arp_d_rvw_ttl?ie=UTF8&ASIN=B09D8L99FM
B09D8L99FM,"5,0 sur 5¬†√©toiles",Tr√®s bonne qualit√© image et son,8-avril-2022,France,Achat v√©rifi√©,Je n‚Äôavais pas de t√©l√©,,/gp/customer-reviews/RK1D7JASKBP45/ref=cm_cr_arp_d_rvw_ttl?ie=UTF8&ASIN=B09D8L99FM
B09D8L99FM,"5,0 sur 5¬†√©toiles",A ne PAS louper,13-avril-2022,France,Achat v√©rifi√©,TV au top,Une personne a trouv√© cela utile,/gp/customer-reviews/R1DAQMZO0WNUO9/ref=cm_cr_arp_d_rvw_ttl?ie=UTF8&ASIN=B09D8L99FM
B09D8L99FM,"5,0 sur 5¬†√©toiles",Conforme √† mes attentes,14-avril-2022,France,Achat v√©rifi√©,"Je ne pourrais rentrer dans les d√©tails technique je n'y connais pas grand chose. Mais au del√† de mes esp√©rance pour le prix vendu !! Image net, couleurs vives, systeme Android parfait.",,/gp/customer-reviews/R2UMDEV23EE53E/ref=cm_cr_arp_d_rvw_ttl?ie=UTF8&ASIN=B09D8L99FM
B09D8L99FM,"5,0 sur 5¬†√©toiles",Sympathique,21-avril-2022,France,Achat v√©rifi√©,"L‚Äô√©cran donne une bonne couleur, tr√®s l√©ger, une l√©g√®re odeur de plastique chaud au premier d√©marrage",,/gp/customer-reviews/R1YOVRQH03LFE6/ref=cm_cr_arp_d_rvw_ttl?ie=UTF8&ASIN=B09D8L99FM
B09D8L99FM,"5,0 sur 5¬†√©toiles",Bein et col,26-mars-2022,France,Achat v√©rifi√©,Si top merci on vois  bein l'image,,/gp/customer-reviews/RPQZB63FIAU05/ref=cm_cr_arp_d_rvw_ttl?ie=UTF8&ASIN=B09D8L99FM
B09D8L99FM,"2,0 sur 5¬†√©toiles",il manque le mode d'emploi car impossible de s'en servir  merci,14-avril-2022,France,Achat v√©rifi√©,decupar le produit. la telecomande ne reagit pas d'ailleurs  celle livree avec la tele n'est pas la meme que le dessin je ne recomande pas!,,/gp/customer-reviews/R2VJKBWF21KEE4/ref=cm_cr_arp_d_rvw_ttl?ie=UTF8&ASIN=B09D8L99FM
B09D8L99FM,,"Immagini ok, audio mmmm",9-ao√ªt-2021,Italie,Achat v√©rifi√©,"Installato nel camper, con cavo 12 volt acquistato a parte, tutto ok la ricerca canali e la visione.",9 personnes ont trouv√© cela utile,
B09D8L99FM,,Ottimo rapporto qualit√†-prezzo,20-mars-2022,Italie,Achat v√©rifi√©,"rapporto qualit√† prezzo fenomenale, il design √® il classico delle tv led di questa fascia di prezzo,unica pecca e il sistema android fermo al 9 lento ma aggirabil etipo con una chiavetta amazonfire che si interfaccia in modo perfetto con la tv ed √® controllabile tramite uno dei due telecomandi in dotazione .Possiede prese: 2 usb 2 hdmi 1 cuffia 1 cavo ottico un rca ma non √® presente vga e scart (modello 43 pollici)",4 personnes ont trouv√© cela utile,
B09D8L99FM,,"I televisori a 24 pollici, hanno un audio scadente, perch√® gli auto parlanti sono Piccoli",18-ao√ªt-2021,Italie,Achat v√©rifi√©,"** Si vede Bene, per√≤ molti TV a 24 pollici hanno auto parlanti troppo piccoli, perch√® lo spazio dove sono alloggiati  √® ristretto, bisogna tenere l'audio basso o hanno un suono metallico, altri che hanno preso altre marche hanno dovuto restituirlo perche l'audio era molto fastidioso, Anche questo, √® meglio di altre marche, ma bisogna tenere l'audio con un volume non molto alto",7 personnes ont trouv√© cela utile,
B09D8L99FM,,"Gutes Bild, aber sonst...",6-mai-2021,Allemagne,Achat v√©rifi√©,Hauptgrund f√ºr den Kauf war der leider selten gewordene Kopfh√∂reranschluss und die etwas mittig angebrachten F√º√üe (kleiner Unterschrank).,2 personnes ont trouv√© cela utile,
B09D8L99FM,,Non √® una tv Oled come descrizione,10-janvier-2022,Italie,Achat v√©rifi√©,Non √® una tv Oled come descrizione,8 personnes ont trouv√© cela utile,
B09D8L99FM,,"(Flackert)  beim Start, wohl ein Defekt. Schade ansonsten gutes Preis-Leistungs-Verh√§ltnis",2-avril-2021,Allemagne,Achat v√©rifi√©,¬†Sieht ganz nett aus der Fernseher passte auch ganz gut von der Gr√∂√üe  f√ºr meine Bed√ºrfnisse.,2 personnes ont trouv√© cela utile,
B09D8L99FM,,Super 12-V-fernseher,18-mai-2021,Allemagne,Achat v√©rifi√©,"Dieser 12-Volt Fernseher ist seinen Preis wert. Habe ihn im Wohnmobil verbaut, wo er einwandfrei funktioniert. Wie bei Flachbildschirmen √ºblich ist die Tonqualit√§t lausig, weshalb man unbedingt einen externen Lautsprecher anschlie√üen sollte. Sonst alles bestens!",4 personnes ont trouv√© cela utile,
B09D8L99FM,,"TV tecnologicamente avanzato, ottimo.",3-mai-2022,Italie,Achat v√©rifi√©,"Mi sono imbattuto in questo marchio vedendolo in una nota catena di ipermercati e ho deciso di acquistarlo su Amazon. Non √® un Oled ma si vede che √® una meraviglia, e poi a veramente tutto, facile da programmarlo, i canali digitali si vedono bene e si collega alla rete WIFI senza problemi, basta andare sul PlayStore e si installa l'App che si desidera, compreso un browser per navigare.",,
B09D8L99FM,,Bien televisor 4K OLED para este dinero,19-f√©vrier-2021,Espagne,Achat v√©rifi√©,"El televisor se ve bien. Los mandos a distancia son c√≥modos de sostener. La calidad de la imagen es buena para su precio. Pero no es comparable con un televisor OLED 4K por 1100‚Ç¨. Si a√∫n no tienes un televisor OLED, ver√°s la diferencia. La calidad de la imagen era pobre al principio, despu√©s de cambiar los ajustes de la imagen, la imagen del televisor ha mejorado. Se critic√≥ en una rese√±a que el televisor pone las caras rojas. Despu√©s de hacer cambios en la configuraci√≥n, esta cr√≠tica me resulta incomprensible. Tambi√©n se critic√≥ el sonido. Esto tambi√©n es ampliamente cambiante y bueno para el consumidor medio. Puede ser que la imagen se queme. Sin embargo, esto s√≥lo ocurri√≥ una vez y se pudo remediar desconectando el enchufe. Los ajustes de los canales son f√°ciles de usar. La antena y el sat√©lite tambi√©n son f√°ciles de ajustar y se describen en el manual mediante im√°genes.",2 personnes ont trouv√© cela utile,
B09D8L99FM,,W√ºrde ich nicht nochmal Kaufen,9-juillet-2021,Allemagne,Achat v√©rifi√©,Der Preis geht so.,4 personnes ont trouv√© cela utile,
B09D8L99FM,,Buon prodotto,12-novembre-2021,Italie,Achat v√©rifi√©,"Prodotto di buona fattura, buon rapporto qualit√† prezzo, immagini buone, audio nella norma, per la cucina √® perfetto.",2 personnes ont trouv√© cela utile,
B09D8L99FM,,"Buena, sin demasiadas pretensiones.",23-janvier-2022,Espagne,Achat v√©rifi√©,"Buscaba una tv barata y esta cumple. Tiene una entrada usb, una entrada Hdmi. As√≠ que con un amazon fire tv o un Chromecast, la conviertes en una smart tv. Lo peor de esta tv, el sonido (la tengo en una buhardilla peque√±a) y para o√≠r medianamente bien, hay que subir el volumen a partir de 50, cosa que se arregla con una barra de sonido, por menos de 20‚Ç¨. Por ahora, contenta!",,
B09D8L99FM,,sono rimasto soddisfatto.,17-mars-2022,Italie,Achat v√©rifi√©,"Sono rimasto abbastanza soddisfatto in considerazione del prezzo economico, non si pu√≤ pretendere di pi√π,",,
B09D8L99FM,,TV in camper MA SENZA ATTACCO 12V,19-f√©vrier-2022,Italie,Achat v√©rifi√©,"Tv 12v presa per il camper. Si vede molto bene, ma l'audio lascia molto a desiderare. Certo, non si pu√≤ pretendere molto da un 24pollici. Sono rimasta delusa dal fatto che nella scatola non √® presente l'attacco accendi sigari (12volt) che ho dovuto acquistare a parte.",Une personne a trouv√© cela utile,
B09D8L99FM,,"qualit√† prezzo ottimo, tutte le funzioni che possono servire,speriamo duri",13-juin-2021,Italie,Achat v√©rifi√©,"televisore comprato solamente perch√® avendo 535 mm di spazio in altezza era il pi√π grande 40pollici che  poteva stare dentro il mobile , la descrizione recita ""Altezza (con supporto): 526 mm "" per sicurezza ho controllato anche sul sito del produttore ed era scritta la stessa cosa, arrivato a casa scopro che fa 56 cm buoni, visto che non ho intezione di fare resi ho messo in morsa la base e tutto si √® risolto :)",2 personnes ont trouv√© cela utile,
B09D8L99FM,,Consigliato,31-d√©cembre-2021,Italie,Achat v√©rifi√©,"Costa poco, si vede bene, ingressi di ogni tipo, that's it. Piuttosto plasticoso ma privo di difetti visibili.",Une personne a trouv√© cela utile,
B09D8L99FM,,Pessimo venditore,26-f√©vrier-2022,Italie,Achat v√©rifi√©,Non ho ancora avuto modo di provare la TV dopo un mese dall'acquisto in quanto all'interno manca il cavo a 12 volt che il venditore non mi ha ancora spedito...e che devo usare sul mio camper.,Une personne a trouv√© cela utile,
B09D8L99FM,,Non √® tv sat,12-avril-2022,Italie,Achat v√©rifi√©,"Rassicurato dal venditore al momento dell‚Äôattivazione non √® tv sat,bisogna modificare alcuni parametri che io non sono in grado,chiamo assistenza strong l‚Äôoperatore scocciato non ha saputo indicarmi come fare e di guardare i parametri su in altra tv,sconsigliato sia per l‚Äôacquisto che per assistenza‚Ä¶‚Ä¶",,
B09D8L99FM,,ottimo,4-mai-2021,Italie,Achat v√©rifi√©,ho acquistato questo televisore nella sezione usato ricondizionato ad un prezzo veramente conveniente. √® vero √® spartano non √® smart tv ma con gli accessori giusti diventa un televisore invidiabile. le caratteristiche vanno tutte verso il segno positivo quindi ritengo di aver fatto un buon acquisto rispetto soprattutto al prezzo pagato.,Une personne a trouv√© cela utile,
B09D8L99FM,,gut,17-septembre-2020,Allemagne,Achat v√©rifi√©,"leider kein 12 volt kabel dabei, nach nachfrage auch nicht nachlieferbar, habe mir selst eins gekauft funktioniert, daher nur 3 sterne",5 personnes ont trouv√© cela utile,
B09D8L99FM,,"TV LED 24 Pollici, HD Ready (1366x768 pixel), DVB-T2, USB",21-f√©vrier-2021,Italie,Achat v√©rifi√©,"Ottima tv a led molto funzionale, ottima risoluzione ed ottimo audio nulla da recriminare per ora",4 personnes ont trouv√© cela utile,
B09D8L99FM,,qualit√†,9-f√©vrier-2021,Italie,Achat v√©rifi√©,Ottimo prodotto raffrontato al prezzo. Immagine nitida e facilit√† di utilizzo nel settaggio.,4 personnes ont trouv√© cela utile,
B09D8L99FM,,Sehr zufrieden bis beeindruckt - Preis/Leistung absolut Top,26-f√©vrier-2021,Allemagne,Achat v√©rifi√©,Ich habe den Fernseher endlich geliefert bekommen - ja hat leider etwas l√§nger gedauert ist aber vermutlich der Corona Situation geschuldet. Aber gestern war es soweit es klingelte und da stand dieser schwarze Karton. Zu Verpackung muss ich sagen das ich das schwarz irgendwie cool finde - keine Ahnung warum hat aber irgendwie was cooles - nicht wie andere langweilige Verpackungen - ist wie bei Grafikkarten das lassen sich die Hersteller auch immer was sch√∂nes einfallen - das Auge kauft ja mit.,Une personne a trouv√© cela utile,
B09D8L99FM,,"Si vede bene da ogni angolo, il sensore telecomando richiede precisione",7-d√©cembre-2020,Italie,Achat v√©rifi√©,Eccezionale. Qualita ottima rapportata al prezzo. Non c'√® la smart tv..,6 personnes ont trouv√© cela utile,
